Launch Date,Launch Site,Payload,Orbit,Customer,Launch Outcome
,"CCAFS,SLC-40",Dragon Spacecraft Qualification Unit,,LEO,Failure[9][10](parachute)
[,,,,,"First flight of Falcon 9 v1.0.[11] Used a boilerplate version of Dragon capsule which was not designed to separate from the second stage.(more details below) Attempted to recover the first stage by parachuting it into the ocean, but it burned up on reentry, before the parachutes even deployed.[12]"
[,"CCAFS,SLC-40",Dragon demo flight C1(Dragon C101),,LEO (ISS),Failure[9][14](parachute)
[,,,,,"Maiden flight of Dragon capsule, consisting of over 3 hours of testing thruster maneuvering and reentry.[15] Attempted to recover the first stage by parachuting it into the ocean, but it disintegrated upon reentry, before the parachutes were deployed.[12] (more details below) It also included two CubeSats,[16] and a wheel of Brouère cheese."
[,"CCAFS,SLC-40",Dragon demo flight C2+[18](Dragon C102),"525 kg (1,157 lb)[19]",LEO (ISS),No attempt
[,,,,,"Dragon spacecraft demonstrated a series of tests before it was allowed to approach the International Space Station. Two days later, it became the first commercial spacecraft to board the ISS.[17] (more details below)"
[,"CCAFS,SLC-40",SpaceX CRS-1[22](Dragon C103),"4,700 kg (10,400 lb)",LEO (ISS),No attempt
[,LEO,Orbcomm,Partial failure[25],,Partial failure[25]
[,,,,,"CRS-1 was successful, but the secondary payload was inserted into an abnormally low orbit and subsequently lost. This was due to one of the nine Merlin engines shutting down during the launch, and NASA declining a second reignition, as per ISS visiting vehicle safety rules, the primary payload owner is contractually allowed to decline a second reignition. NASA stated that this was because SpaceX could not guarantee a high enough likelihood of the second stage completing the second burn successfully which was required to avoid any risk of secondary payload's collision with the ISS.[26][27][28]"
,"CCAFS,SLC-40",SpaceX CRS-2[22](Dragon C104),"4,877 kg (10,752 lb)",LEO (ISS),No attempt
[,,,,,"Last launch of the original Falcon 9 v1.0 launch vehicle, first use of the unpressurized trunk section of Dragon.[29]"
[,"VAFB,SLC-4E",CASSIOPE[22][31],"500 kg (1,100 lb)",Polar orbit LEO,Uncontrolled(ocean)[d]
[,,,,,"First commercial mission with a private customer, first launch from Vandenberg, and demonstration flight of Falcon 9 v1.1 with an improved 13-tonne to LEO capacity.[29] After separation from the second stage carrying Canadian commercial and scientific satellites, the first stage booster performed a controlled reentry,[32] and an ocean touchdown test for the first time. This provided good test data, even though the booster started rolling as it neared the ocean, leading to the shutdown of the central engine as the roll depleted it of fuel, resulting in a hard impact with the ocean.[30] This was the first known attempt of a rocket engine being lit to perform a supersonic retro propulsion, and allowed SpaceX to enter a public-private partnership with NASA and its Mars entry, descent, and landing technologies research projects.[33] (more details below)"
[,"CCAFS,SLC-40",SES-8[22][35][36],"3,170 kg (6,990 lb)",GTO,No attempt[38]
[,,,,,"First Geostationary transfer orbit (GTO) launch for Falcon 9,[35] and first successful reignition of the second stage.[39] SES-8 was inserted into a Super-Synchronous Transfer Orbit of 79,341 km (49,300 mi) in apogee with an inclination of 20.55° to the equator."
[,"CCAFS,SLC-40",Thaicom 6[22],"3,325 kg (7,330 lb)",GTO,No attempt[43]
[,,,,,"The Thai communication satellite was the second GTO launch for Falcon 9. The USAF evaluated launch data from this flight as part of a separate certification program for SpaceX to qualify to fly military payloads, but found that the launch had ""unacceptable fuel reserves at engine cutoff of the stage 2 second burnoff"".[44] Thaicom-6 was inserted into a Super-Synchronous Transfer Orbit of 90,039 km (55,948 mi) in apogee with an inclination of 22.46° to the equator."
[,"Cape Canaveral,LC-40",SpaceX CRS-3[22](Dragon C105),"2,296 kg (5,062 lb)[45]",LEO (ISS),Controlled(ocean) [d][46]
[,,,,,"Following second-stage separation, SpaceX conducted a second controlled-descent test of the discarded booster vehicle and achieved the first successful controlled ocean touchdown of a liquid-rocket-engine orbital booster.[47][48] Following the soft touchdown, the first stage tipped over as expected and was destroyed. This was the first Falcon 9 booster to fly with extensible landing legs and the first Dragon mission with the Falcon 9 v1.1 launch vehicle. This flight also launched the ELaNa 5 mission for NASA as a secondary payload.[49][50]"
,"Cape Canaveral,LC-40",Orbcomm-OG2-1(6 satellites)[22],"1,316 kg (2,901 lb)",LEO,Controlled(ocean)[d][46]
[,,,,,"Payload included six satellites weighing 172 kg (379 lb) each and two 142 kg (313 lb) mass simulators.[24][52] Equipped for the second time with landing legs, the first-stage booster successfully conducted a controlled-descent test consisting of a burn for deceleration from hypersonic velocity in the upper atmosphere, a reentry burn, and a final landing burn before soft-landing on the ocean surface.[53]"
,"Cape Canaveral,LC-40",AsiaSat 8[22][54][55],"4,535 kg (9,998 lb)",GTO,No attempt[57]
[,,,,,First time SpaceX managed a launch site turnaround between two flights of under a month (22 days). GTO launch of the large communication satellite from Hong Kong did not allow for propulsive return-over-water and controlled splashdown of the first stage.[57]
,"Cape Canaveral,LC-40",AsiaSat 6[22][54][58],"4,428 kg (9,762 lb)",GTO,No attempt
[,,,,,Launch was delayed for two weeks for additional verifications after a malfunction observed in the development of the F9R Dev1 prototype.[60] GTO launch of the heavy payload did not allow for controlled splashdown.[61]
[,"Cape Canaveral,LC-40",SpaceX CRS-4[22](Dragon C106.1),"2,216 kg (4,885 lb)[62]",LEO (ISS),Uncontrolled(ocean)[d][64]
[,,,,,"Fourth attempt of a soft ocean touchdown,[65] but the booster ran out of liquid oxygen.[64] Detailed thermal imaging infrared sensor data was collected however by NASA, as part of a joint arrangement with SpaceX as part of research on retropropulsive deceleration technologies for developing new approaches to Martian atmospheric entry.[65]"
[,"Cape Canaveral,LC-40",SpaceX CRS-5[68](Dragon C107),"2,395 kg (5,280 lb)[69]",LEO (ISS),Failure (drone ship)
[,,,,,"Following second-stage separation, SpaceX attempted to return the first stage for the first time to a 90 m × 50 m (300 ft × 160 ft) floating platform — called the autonomous spaceport drone ship. The test achieved many objectives and returned a large amount of data, but the grid-fin control surfaces used for the first time for more precise reentry positioning ran out of hydraulic fluid for its control system a minute before landing, resulting in a landing crash.[71]"
[,"Cape Canaveral,LC-40",DSCOVR[68][73],"570 kg (1,260 lb)",HEO(Sun–Earth L1 insertion),Controlled(ocean)[d]
[,,,,,"First launch under USAF's OSP 3 launch contract.[74] First SpaceX launch to put a satellite beyond a geostationary transfer orbit, first SpaceX launch into interplanetary space, and first SpaceX launch of an American research satellite. The first stage made a test flight descent to an over-ocean landing within 10 m (33 ft) of its intended target.[75]"
[,"Cape Canaveral,LC-40","ABS-3A
Eutelsat 115 West B[68]","4,159 kg (9,169 lb)",GTO,No attempt[77]
[,,,,,"The launch was Boeing's first conjoined launch of a lighter-weight dual-commsat stack that was specifically designed to take advantage of the lower-cost SpaceX Falcon 9 launch vehicle.[78][79] Per satellite, launch costs were less than US$30 million.[80] The ABS satellite reached its final destination ahead of schedule and started operations on 10 September 2015.[81]"
[,"Cape Canaveral,LC-40",SpaceX CRS-6[68](Dragon C108.1),"1,898 kg (4,184 lb)[82]",LEO (ISS),Failure[83](drone ship)
[,,,,,"After second-stage separation, a controlled-descent test was attempted with the first stage. After the booster contacted the ship, it tipped over due to excess lateral velocity caused by a stuck throttle valve that delayed downthrottle at the correct time.[84][85]"
[,"Cape Canaveral,LC-40",TürkmenÄlem 52°E / MonacoSAT[68][87],"4,707 kg (10,377 lb)",GTO,No attempt[89]
[,,,,,Original intended launch was delayed over a month after an issue with the helium pressurisation system was identified on similar parts in the assembly plant.[90] Subsequent launch successfully positioned this first Turkmen satellite at 52.0° east.
[,"Cape Canaveral,LC-40",SpaceX CRS-7[68](Dragon C109),"1,952 kg (4,303 lb)[92]",LEO (ISS),Precluded[94](drone ship)
[,,,,,"Launch performance was nominal until an overpressure incident in the second-stage LOX tank, leading to vehicle breakup at T+150 seconds. Dragon capsule survived the explosion but was lost upon splashdown as its software did not contain provisions for parachute deployment on launch vehicle failure.[95](more details below) The drone ship Of Course I Still Love You was towed out to sea to prepare for a landing test so this mission was its first operational assignment.[96]"
[,"Cape Canaveral,LC-40",Orbcomm-OG2-2(11 satellites)[22][97],"2,034 kg (4,484 lb)",LEO,Success[99](ground pad)
[,,,,,"Payload included eleven satellites weighing 172 kg (379 lb) each,[24] and a 142 kg (313 lb) mass simulator.[52] First launch of the upgraded v1.1 version, with a 30% power increase.[100] Orbcomm had originally agreed to be the third flight of the enhanced-thrust rocket,[101] but the change to the maiden flight position was announced in October 2015.[100] SpaceX received a permit from the FAA to land the booster on solid ground at Cape Canaveral[102] and succeeded for the first time.[99] This booster, serial number B1019, is now on permanent display outside SpaceX's headquarters in Hawthorne, California, at the intersection of Crenshaw Boulevard and Jack Northrop Avenue.[98] (more details below)"
[,"VAFB,SLC-4E",Jason-3[68][104],"553 kg (1,219 lb)",LEO,Failure(drone ship)
[,,,,,"First launch of NASA and NOAA joint science mission under the NLS II launch contract (not related to NASA CRS or USAF OSP3 contracts) and last launch of the Falcon 9 v1.1 launch vehicle. The Jason-3 satellite was successfully deployed to target orbit.[105]  SpaceX attempted for the first time to recover the first-stage booster on its new Pacific autonomous drone ship, but after a soft landing on the ship, the lockout on one of the landing legs failed to latch and the booster fell over and exploded.[106][107]"
[,"Cape Canaveral,LC-40",SES-9[68][109][110],"5,271 kg (11,621 lb)",GTO,Failure(drone ship)
[,,,,,"Second launch of the enhanced Falcon 9 Full Thrust launch vehicle.[100] SpaceX attempted for the first time to recover a booster from a GTO launch to a drone ship.[111] Successful landing was not expected due to low fuel reserves[112] and the booster ""landed hard"".[113] But the controlled-descent, atmospheric re-entry and navigation to the drone ship were successful and returned significant test data on bringing back high-energy Falcon 9 boosters.[114]"
[,"Cape Canaveral,LC-40",SpaceX CRS-8[68][110](Dragon C110.1),"3,136 kg (6,914 lb)[116]",LEO (ISS),Success[118](drone ship)
[,,,,,"Dragon carried over 1,500 kg (3,300 lb) of supplies and delivered the inflatable Bigelow Expandable Activity Module (BEAM) to the ISS for two years of in-orbit tests.[119] The rocket's first stage landed smoothly on SpaceX's autonomous spaceport drone ship at 9 minutes after liftoff, making this the first successful landing of a rocket booster on a ship at sea from an orbital launch.[120] The first stage B1021 later became the first orbital booster to be reused when it launched SES-10 on 30 March 2017.[115] A month later, the Dragon spacecraft returned a downmass containing astronaut's Scott Kelly biological samples from his year-long mission on ISS.[121](more details below)"
[,"Cape Canaveral,LC-40",JCSAT-14[123],"4,696 kg (10,353 lb)[124]",GTO,Success(drone ship)
[,,,,,"First time SpaceX launched a Japanese satellite, and first time a booster landed successfully after launching a payload into a GTO.[125] As this flight profile has a smaller margin for the booster recovery, the first stage re-entered Earth's atmosphere faster than for previous landings, with five times the heating power.[126][127]"
[,"Cape Canaveral,LC-40",Thaicom 8[130][131],"3,100 kg (6,800 lb)[132]",GTO,Success[133](drone ship)
[,,,,,"Second successful return from a GTO launch,[134] after launching Thaicom 8 towards 78.5° east.[135] Later became the first booster to be reflown after being recovered from a GTO launch. THAICOM 8 was delivered to a Super-Synchronous Transfer Orbit of 91,000 km (57,000 mi).[136]"
[,"Cape Canaveral,LC-40","ABS-2A
Eutelsat 117 West B[68]","3,600 kg (7,900 lb)",GTO,Failure[64](drone ship)
[,,,,,"One year after pioneering this technique on Flight 16, Falcon again launched two Boeing 702SP gridded ion thruster satellites at 1,800 kg (4,000 lb) each,[137][138] in a dual-stack configuration, with the two customers sharing the rocket and mission costs.[81] First-stage landing attempt on drone ship failed due to low thrust on one of the three landing engines;[139] a sub-optimal path led to the stage running out of propellant just above the deck of the landing ship.[140]"
[,"Cape Canaveral,LC-40",SpaceX CRS-9[68][141](Dragon C111.1),"2,257 kg (4,976 lb)[142]",LEO (ISS),Success(ground pad)
[,,,,,"Cargo to ISS included an International Docking Adapter (IDA-2) and total payload with reusable Dragon Capsule was 6,457 kg (14,235 lb). Second successful first-stage landing on a ground pad.[143]"
,"Cape Canaveral,LC-40",JCSAT-16,"4,600 kg (10,100 lb)",GTO,Success(drone ship)
[,,,,,"First attempt to land from a ballistic trajectory using a single-engine landing burn, as all previous landings from a ballistic trajectory had fired three engines on the final burn. The latter provides more braking force but subjects the vehicle to greater structural stresses, while the single-engine landing burn takes more time and fuel while allowing more time during final descent for corrections.[144]"
[,"Cape Canaveral,LC-40",Amos-6[146],"5,500 kg (12,100 lb)",GTO,Precluded(drone ship)
[,,,,,"The rocket and the Amos-6 payload were lost in a launch pad explosion on 1 September 2016 during propellant filling procedures prior to a static fire test.[147] The pad was clear of personnel, and there were no injuries.[148] SpaceX released an official statement in January 2017 indicating that the cause of the failure was a buckled liner in several of the Composite overwrapped pressure vessel (COPV) (used to store helium which pressurize the stage's propellant tanks), causing perforations that allowed liquid and/or solid oxygen to accumulate underneath the lining, which was ignited by friction.[149] Following the explosion, SpaceX has switched to performing static fire tests only without attached payloads.(more details below)"
,"VAFB,SLC-4E",Iridium NEXT-1(10 satellites)[152][153],"9,600 kg (21,200 lb)",Polar LEO,Success[154](drone ship)
[,,,,,"Return-to-flight mission after the loss of Amos-6 in September 2016. This was the first launch of a series of Iridium NEXT satellites intended to replace the original Iridium constellation launched in the late 1990s. Each Falcon 9 mission carried 10 satellites, with a goal of 66 plus 9 spare[155] satellites constellation by mid-2018.[156][157] Following the delayed launch of the first two Iridium units with a Dnepr rocket from April 2016, Iridium Communications decided to launch the first batch of 10 satellites with SpaceX instead.[158] Payload comprised ten satellites weighing 860 kg (1,900 lb) each plus a 1,000 kg (2,200 lb) dispenser.[159]"
,"KSC,LC-39A",SpaceX CRS-10[141](Dragon C112.1),"2,490 kg (5,490 lb)[160]",LEO (ISS),Success(ground pad)
[,,,,,"First Falcon 9 flight from the historic LC-39A launchpad at Kennedy Space Center, and first uncrewed launch from LC-39A since Skylab-1.[161] The flight carried supplies and materials to support ISS Expeditions 50 and 51, and third return of first stage booster to landing pad at Cape Canaveral Landing Zone 1.[162]"
,"KSC,LC-39A",EchoStar 23,"5,600 kg (12,300 lb)[164]",GTO,No attempt[165]
[,,,,,"First uncrewed non-station launch from LC-39A since Apollo 6.[161] Launched a communications satellite for broadcast services over Brazil.[166] Due to the payload size launch into a GTO, the booster was expended into the Atlantic Ocean and did not feature landing legs and grid fins.[167]"
,"KSC,LC-39A",SES-10[109][168],"5,300 kg (11,700 lb)[169]",GTO,Success(drone ship)
[,,,,,"First payload to fly on a reused first stage, B1021, previously launched with CRS-8, and first to land intact a second time.[171][170] Additionally, this flight was the first reused rocket to fly from LC-39A since STS-135 and for the first time the payload fairing, used to protect the payload during launch, remained intact after a successful splashdown achieved with thrusters and a steerable parachute.[172][173](more details below)"
,"KSC,LC-39A",NROL-76[174],Classified,LEO[175],Success(ground pad)
[,,,,,"First launch under SpaceX's 2015 certification for national security space missions, which allowed SpaceX to contract launch services for classified payloads,[176] and thus breaking the monopoly United Launch Alliance (ULA) held on classified launches since 2006.[177] For the first time, SpaceX offered continuous livestream of first stage booster from liftoff to landing, but omitted second-stage speed and altitude telemetry.[178]"
,"KSC,LC-39A",Inmarsat-5 F4[180],"6,070 kg (13,380 lb)[181]",GTO,No attempt[165]
[,,,,,"The launch was originally scheduled for the Falcon Heavy, but performance improvements allowed the mission to be carried out by an expendable Falcon 9 instead.[182]  Inmarsat-5 F4 is Inmarsat's ""largest and most complicated communications satellite ever built"".[183] Inmarsat 5 F4 was delivered into an arcing ""supersynchronous"" transfer orbit of 381 km × 68,839 km (237 mi × 42,775 mi) in altitude, tilted 24.5° to the equator.[184]"
,"KSC,LC-39A",SpaceX CRS-11[141](Dragon C106.2 ♺),"2,708 kg (5,970 lb)[186]",LEO (ISS),Success(ground pad)
[,,,,,"This mission delivered Neutron Star Interior Composition Explorer (NICER),[187] Multiple User System for Earth Sensing Facility (MUSES),[188] Roll Out Solar Array (ROSA),[189] an Advanced Plant Habitat to the ISS,[190][191] and Birds-1 payloads. This mission launched for the first time a refurbished Dragon capsule,[192] serial number C106, which had flown in September 2014 on the SpaceX CRS-4 mission,[185] and was the first time since 2011 a reused spacecraft arrived at the ISS.[193] Five cubesats were included in the payload, the first satellites from the countries of Bangladesh (BRAC Onnesha), Ghana (GhanaSat-1), and Mongolia (Mazaalai).[194]"
,"KSC,LC-39A",BulgariaSat-1[196],"3,669 kg (8,089 lb)[197]",GTO,Success(drone ship)
[,,,,,"Second time a booster was reused, as B1029 had flown the Iridium mission in January 2017.[195] This was the first commercial Bulgarian-owned communications satellite.[195]"
,"VAFB,SLC-4E",Iridium NEXT-2(10 satellites),"9,600 kg (21,200 lb)",LEO,Success(drone ship)
[,,,,,"Second Iridium constellation launch of 10 satellites, and first flight using titanium (instead of aluminium) grid fins to improve control authority and better cope with heat during re-entry.[199]"
,"KSC,LC-39A",Intelsat 35e[201],"6,761 kg (14,905 lb)[202]",GTO,No attempt[165]
[,,,,,"Originally expected to be flown on a Falcon Heavy,[203] improvements to the Merlin engines meant that the heavy satellite could be flown to GTO in an expendable configuration of Falcon 9.[204] The rocket achieved a supersynchronous orbit peaking at 43,000 km (27,000 mi), exceeding the minimum requirements of 28,000 km (17,000 mi).[205] Intelsat 35e is the largest Intelsat's currently active satellite.[206]"
,"KSC,LC-39A",SpaceX CRS-12[141](Dragon C113.1),"3,310 kg (7,300 lb)",LEO (ISS),Success(ground pad)
[,,,,,"Dragon carried 2,349 kg (5,179 lb) of pressurized and 961 kg (2,119 lb) unpressurized mass, including the Cosmic Ray Energetics and Mass Experiment (CREAM) detector.[190] First flight of the upgrade known informally as ""Block 4"", which increases thrust from the main engines and includes other small upgrades,[207] and last flight of a newly built Dragon capsule, as further missions are planned to use refurbished spacecraft.[208] Also launched the Educational Launch of Nanosatellites ELaNa 22 mission.[49]"
,"VAFB,SLC-4E",Formosat-5[210][211],"475 kg (1,047 lb)[212]",SSO,Success(drone ship)
[,,,,,"First Earth observation satellite developed and constructed by Taiwan. The payload was much under the rocket's specifications, as the Spaceflight Industries SHERPA space tug had been removed from the cargo manifest of this mission,[213] leading to analyst speculations that with discounts due to delays, SpaceX lost money on the launch.[214]"
[,"KSC,LC-39A",Boeing X-37B OTV-5,"4,990 kg (11,000 lb)[216]+ OTV payload",LEO,Success(ground pad)
[,,,,,"Due to the classified nature of the mission, the second-stage speed and altitude telemetry were omitted from the launch webcast. Notably, the primary contractor, Boeing, had launched the X-37B with ULA, a Boeing partnership and a SpaceX competitor.[217] Second flight of the Falcon 9 Block 4 upgrade.[218]"
,"VAFB,SLC-4E",Iridium NEXT-3(10 satellites)[152],"9,600 kg (21,200 lb)",Polar LEO,Success(drone ship)
[,,,,,"Third flight of the Falcon 9 Block 4 upgrade, and the third launch of 10 Iridium NEXT satellites.[219]"
,"KSC,LC-39A",SES-11 / EchoStar 105,"5,200 kg (11,500 lb)",GTO,Success(drone ship)
[,,,,,"Third reuse and recovery of a previously flown first-stage booster, and the second time the contractor SES used a reflown booster.[220] The large satellite is shared, in ""CondoSat"" arrangement between SES and EchoStar.[221]"
,"KSC,LC-39A",Koreasat 5A[222],"3,500 kg (7,700 lb)",GTO,Success(drone ship)
[,,,,,"First SpaceX launch of a South Korean satellite, placed in GEO at 113.0° east.[223] It was the third launch and land for SpaceX in three weeks, and the 15th successful landing in a row.[224] A small fire was observed under the booster after it landed, leading to speculations about damages to the engines which would preclude it from flying it again.[225]"
[,"Cape Canaveral,SLC-40",SpaceX CRS-13[141](Dragon C108.2 ♺),"2,205 kg (4,861 lb)",LEO (ISS),Success(ground pad)
[,,,,,"First launch to take place at the refurbished pad at Cape Canaveral after the 2016 Amos-6 explosion, and the 20th successful booster landing. Being the second reuse of a Dragon capsule (previously flown on SpaceX CRS-6) and fourth reuse of a booster (previously flown on SpaceX CRS-11) it was the first time both major components were reused on the same flight.[228][227]"
[,"VAFB,SLC-4E",Iridium NEXT-4(10 satellites)[152],"9,600 kg (21,200 lb)",Polar LEO,Controlled(ocean)[d][230]
[,,,,,"In order to avoid delays and convinced of no increased risks, Iridium Communications accepted the use of a recovered booster for its 10 satellites, and became the first customer to fly the same first-stage booster twice (from the second Iridium NEXT mission).[231][232] SpaceX chose not to attempt recovery of the booster, but did perform a soft ocean touchdown.[233] The launch occurred during sunset, which caused a twilight effect where sunlight reflected from the rocket plumes at high altitude, causing ""jaw-dropping views"" across Southern California and surrounding regions.[234]"
[,"CCAFS,SLC-40",Zuma[238][239][240],Classified,LEO,Success(ground pad)
[,,,,,"The mission had been postponed by nearly two months. Following a nominal launch, the recovery of the first-stage booster marked the 17th successful recovery in a row.[242] Rumors appeared that the payload was lost, as the satellite might have failed to separate from the second stage[243] due to a fault in the Northrop Grumman-manufactured payload adapter, to which SpaceX announced that their rocket performed nominally.[243] The classified nature of the mission means that there is little confirmed information.(more details below)"
[,"CCAFS,SLC-40",GovSat-1 (SES-16)[246],"4,230 kg (9,330 lb)[247]",GTO,Controlled(ocean)[d][248]
[,,,,,"Reused booster from the classified NROL-76 mission in May 2017.[245] Following a successful experimental soft ocean landing that used three engines, the booster unexpectedly remained intact. Recovery was talked about and a Craigslist ad believed to be made by Elon Musk jokingly said the booster was for sale at US$9.9 million if the buyer brought their own tugboat.[249] Despite this, recovery was not attempted, and the booster was subsequently destroyed.[250] GovSat-1 satellite was put into a high-energy Supersynchronous Transfer Orbit of 250 km × 51,500 km (160 mi × 32,000 mi).[251][252]"
[,"KSC,LC-39A",Elon Musk's Tesla Roadster[254][255],"~1,250 kg (2,760 lb)[256]",Heliocentric0.99–1.67 AU[256](close to Mars transfer orbit),Failure[257](drone ship)
[,,,,,Success(ground pad)
[,,,,,Success(ground pad)
[,,,,,"Maiden flight of Falcon Heavy, using two recovered Falcon 9 cores as side boosters (from the Thaicom 8[258] and SpaceX CRS-9[129] missions), as well as a modified Block 3 booster reinforced to endure the additional load from the two side boosters. The static fire test, held on 24 January 2018, was the first time 27 engines were tested together.[259] The launch was a success, and the side boosters landed simultaneously at adjacent ground pads.[257] Drone ship landing of the central core failed due to TEA–TEB chemical igniter running out, preventing two of its engines from restarting; the landing failure caused damage to the nearby drone ship.[260][261] Final burn to heliocentric Earth-Mars orbit was performed after the second stage and payload cruised for 6 hours through the Van Allen radiation belts.[262] Later, Elon Musk tweeted that the third burn was successful,[263] and JPL Horizons On-Line Ephemeris System showed the second stage and payload in an orbit with an aphelion of 1.67 AU.[264] The live webcast proved immensely popular, as it became the second most watched livestream so far on YouTube, reaching over 2.3 million concurrent views.[265] Over 100,000 visitors are believed to have come to the Space Coast to watch the launch in person.[266](more details below)"
[,"VAFB,SLC-4E","Paz[269]
Tintin A and Tintin B[270]","2,150 kg (4,740 lb)",SSO,No attempt[271]
[,,,,,"Last flight of a Block 3 first stage. Reused the booster from the Formosat-5 mission.[268] Paz (peace) is Spain's first spy satellite[272] that will be operated in a constellation with the German SAR fleet TSX and TDX.[269] In addition, the rocket carried two SpaceX test satellites for their forthcoming communications network in low Earth orbit.[273][270] This core flew without landing legs and was expended at sea.[273] It also featured an upgraded payload fairing 2.0 with a first recovery attempt using the Mr. Steven crew boat equipped with a net. The fairing narrowly missed the boat, but achieved a soft water landing.[274][275][271]"
[,"CCAFS,SLC-40","Hispasat 30W-6[277]
PODSat[278]","6,092 kg (13,431 lb)[279]",GTO,No attempt[281]
[,,,,,"The Spanish commsat was the largest satellite flown by SpaceX as of March 2018[update], ""nearly the size of a bus"".[282] A drone ship landing was planned, but scrapped due to unfavorable weather conditions.[281] SpaceX left the landing legs and titanium grid fins in place to prevent further delays, after previous concerns with the fairing pressurization and conflicts with the launch of GOES-S.[283] The Hispasat 30W-6 satellite was propelled into a supersynchronous transfer orbit.[284]"
[,"VAFB,SLC-4E",Iridium NEXT-5(10 satellites)[152],"9,600 kg (21,200 lb)",Polar LEO,No attempt[287]
[,,,,,"Fifth Iridium NEXT mission launch of 10 satellites used the refurbished booster from third Iridium flight. As with recent reflown boosters, SpaceX used the controlled descent of the first stage to test more booster recovery options.[288] SpaceX planned a second recovery attempt of one half of the fairing using the specially modified boat Mr. Steven,[289] but the parafoil twisted, which led to the fairing half missing the boat.[290]"
[,"CCAFS,SLC-40",SpaceX CRS-14[141](Dragon C110.2 ♺),"2,647 kg (5,836 lb)[292]",LEO (ISS),No attempt[294]
[,,,,,"The launch used a refurbished booster (from CRS-12) and a refurbished capsule (C110 from CRS-8).[292] External payloads include a materials research platform Materials International Space Station Experiment (MISSE-FF)[295] phase 3 of the Robotic Refueling Mission (RRM)[296] TSIS,[297] ASIM heliophysics sensor,[190] several crystallization experiments,[298] and the RemoveDEBRIS system aimed at space debris removal.[299] The booster was expended, and SpaceX collected more data on reentry profiles.[300] It also carried the first Costa Rican satellite, Project Irazú,[301] and the first Kenyan satellite, 1KUNS-PF.[302]"
[,"CCAFS,SLC-40",Transiting Exoplanet Survey Satellite (TESS)[304],362 kg (798 lb)[305],HEO for P/2 orbit,Success[306](drone ship)
[,,,,,"First NASA high-priority science mission launched by SpaceX. Part of the Explorers program, TESS is space telescope intended for wide-field search of exoplanets transiting nearby stars. It was the first time SpaceX launched a scientific satellite which wasn't designed to focus on Earth observations. The second stage placed the spacecraft into a high elliptical Earth orbit, after which the satellite performed its own maneuvers, including a lunar flyby, such that over the course of two months it reached a stable 2:1 resonant orbit with the Moon.[307] In January 2018, SpaceX received NASA's Launch Services Program Category 2 certification of its Falcon 9 ""Full Thrust"", certification which is required for launching ""medium-risk"" missions like TESS.[308] Last launch of a new Block 4 booster,[309] and the 24th successful recovery of the first stage. An experimental water landing of the launch fairing was performed in order to attempt fairing recovery, primarily as a test of parachute systems.[305][306]"
[,"KSC,LC-39A",Bangabandhu-1[312][313],"3,600 kg (7,900 lb)[314]",GTO,Success[315](drone ship)
[,,,,,"First Block 5 launch vehicle booster to fly. Initially planned for an Ariane 5 launch in December 2017,[316] it became the first Bangladeshi commercial satellite,[317] BRAC Onnesha is a cubesat built by Thales Alenia Space.[318][319] It is intended to serve telecom services from 119.0° east with a lifetime of 15 years.[320] It was the 25th successfully recovered first stage booster.[315]"
[,"VAFB,SLC-4E","Iridium NEXT-6(5 satellites)[152][155]
GRACE-FO × 2[323][324]","6,460 kg (14,240 lb)[g]",Polar LEO,No attempt[165]
[,,,,,Sixth Iridium NEXT mission launching 5 satellites used the refurbished booster from Zuma. GFZ arranged a rideshare of GRACE-FO on a Falcon 9 with Iridium following the cancellation of their Dnepr launch contract in 2015.[323] Iridium CEO Matt Desch disclosed in September 2017 that GRACE-FO would be launched on this mission.[328] The booster reuse turnaround was a record 4.5 months between flights.[329]
[,"CCAFS,SLC-40",SES-12[331],"5,384 kg (11,870 lb)[332]",GTO,No attempt[165]
[,,,,,"The communications satellite serving the Middle East and the Asia-Pacific region at the same place as SES-8, and was the largest satellite built for SES.[331] The Block 4 first stage was expended,[332] while the second stage was a Block 5 version, delivering more power towards a higher supersynchronous transfer orbit with 58,000 km (36,000 mi) apogee.[334]"
[,"CCAFS,SLC-40",SpaceX CRS-15(Dragon C111.2 ♺),"2,697 kg (5,946 lb)[337]",LEO (ISS),No attempt[165]
[,,,,,"Payload included MISSE-FF 2, ECOSTRESS, a Latching End Effector, and Birds-2 payloads. The refurbished booster featured a record 2.5 months period turnaround from its original launch of TESS, a record held until February 2020 with the Starlink L4 mission. The fastest previous was 4.5 months. This was the last flight of a Block 4 booster, which was expended into the Atlantic Ocean without landing legs and grid fins.[339]"
[,"CCAFS,SLC-40",Telstar 19V[341],"7,075 kg (15,598 lb)[342]",GTO[343],Success[344](drone ship)
[,,,,,"SSL-manufactured communications satellite intended to be placed at 63.0° west over the Americas,[345] replacing Telstar 14R.[343] At 7,075 kg (15,598 lb), it became the heaviest commercial communications satellite so far launched.[346][347] This necessitated that the satellite be launched into a lower-energy orbit than a usual GTO, with its initial apogee at roughly 17,900 km (11,100 mi).[343]"
[,"VAFB,SLC-4E",Iridium NEXT-7(10 satellites)[152],"9,600 kg (21,200 lb)",Polar LEO,Success[352](drone ship)
[,,,,,"Seventh Iridium NEXT launch, with 10 communication satellites.[351] The booster landed safely on the drone ship in the worst weather conditions for any landing yet attempted.[352][351] Mr. Steven boat with an upgraded 4x size net was used to attempt fairing recovery but failed due to harsh weather.[352][351]"
[,"CCAFS,SLC-40",Merah Putih (formerly Telkom 4)[355][356],"5,800 kg (12,800 lb)[357]",GTO,Success[358](drone ship)
[,,,,,Indonesian comsat intended to replace the aging Telkom 1 at 108.0° east.[359] First reflight of a Block 5-version booster.[360]
[,"CCAFS,SLC-40",Telstar 18V / Apstar-5C[341],"7,060 kg (15,560 lb)[361]",GTO[361],Success[361](drone ship)
[,,,,,"Condosat for 138.0° east over Asia and Pacific.[362] Delivered to a GTO orbit with apogee close to 18,000 km (11,000 mi).[361]"
[,"VAFB,SLC-4E",SAOCOM 1A[365][366],"3,000 kg (6,600 lb)[363]",SSO,Success[363](ground pad)
[,,,,,Argentinian Earth-observation satellite was originally intended to be launched in 2012.[365] First landing on the West Coast ground pad.[363]
[,"KSC,LC-39A",Es'hail 2[368],"5,300 kg (11,700 lb)[369]",GTO,Success[370](drone ship)
[,,,,,"Qatari comsat positioned at 26.0° east.[368] This launch used redesigned COPVs. This was to meet NASA safety requirements for commercial crew missions, in response to the September 2016 pad explosion.[371]"
,"VAFB,SLC-4E",SSO-A (SmallSat Express),"~4,000 kg (8,800 lb)[372]",SSO,Success[373](drone ship)
[,,,,,"Rideshare mission[374] where two SHERPA dispensers deployed 64 small satellites,[375][376] including Eu:CROPIS[377] for the German DLR, HIBER-2 for the Dutch Hiber Global,[378] ITASAT-1 for the Brazilian Instituto Tecnológico de Aeronáutica,[379] two high-resolution SkySat imaging satellites for Planet Labs,[380] and two high school CubeSats part of NASA's ELaNa 24.[381] This was the first time a booster was used for a third flight."
,"CCAFS,SLC-40",SpaceX CRS-16(Dragon C112.2♺ ),"2,500 kg (5,500 lb)[382]",LEO (ISS),Failure[383](ground pad)
[,,,,,"First CRS mission with the Falcon 9 Block 5. This carried the Global Ecosystem Dynamics Investigation lidar (GEDI) as an external payload.[384] The mission was delayed by one day due to moldy rodent food for one of the experiments on the Space Station. A previously flown Dragon spacecraft was used for the mission. The booster, in use for the first time, experienced a grid fin hydraulic pump stall on reentry, which caused it to spin out of control and touchdown at sea, heavily damaging the interstage section; this was the first failed landing targeted for a ground pad.[383][385]"
[,"CCAFS,SLC-40",GPS III-01 (Vespucci),"4,400 kg (9,700 lb)[388]",MEO,No attempt[386]
[,,,,,"Initially planned for a Delta IV launch,[389] this was SpaceX's first launch of an EELV-class payload.[390] There was no attempt to recover the first-stage booster for reuse[391][387] due to the customer's requirements, including a high inclination orbit of 55.0°.[392] Nicknamed Vespucci, the USAF marked the satellite operational on 1 January 2020 under the label SVN 74.[393]"
[,"VAFB,SLC-4E",Iridium NEXT-8(10 satellites)[152],"9,600 kg (21,200 lb)",Polar LEO,Success(drone ship)
,,,,,"Final launch of the Iridium NEXT contract, launching 10 satellites."
[,"CCAFS,SLC-40","Nusantara Satu (PSN-6)[400]
Beresheet Moon lander[401]
S5[402]","4,850 kg (10,690 lb)[403]",GTO,Success(drone ship)
[,,,,,"Nusantara Satu is a private Indonesian comsat planned to be located at 146.0° east,[400] with a launch mass of 4,100 kg (9,000 lb),[403] and featuring electric propulsion for orbit-raising and station-keeping.[404][405] S5, a 60-kg smallsat by the Air Force Research Laboratory (AFRL), was piggybacked on Nusantara Satu, and was deployed near its GEO position to perform a classified space situational awareness mission. This launch opportunity was brokered by Spaceflight Industries as ""GTO-1"".[402]
The Beresheet Moon lander (initially called Sparrow) was one of the candidates for the Google Lunar X-Prize, whose developers SpaceIL had secured a launch contract with Spaceflight Industries in October 2015.[406] Its launch mass was 585 kg (1,290 lb) including fuel.[407] After separating into a supersynchronous transfer orbit[408] with an apogee of 69,400 km (43,100 mi),[409][407] Beresheet raised its orbit by its own power over two months and flew to the Moon.[408][410] After successfully getting into lunar orbit, Beresheet attempted to land on the Moon on 11 April 2019 but failed.[411]"
[,"KSC,LC-39A",Crew Dragon Demo-1[414](Dragon C201),"12,055 kg (26,577 lb)[415][h]",LEO (ISS),Success(drone ship)
[,,,,,First flight of the SpaceX Crew Dragon. This was the first demonstration flight for the NASA Commercial Crew Program which awarded SpaceX a contract in September 2014 with flights hoped as early as 2015.[416] The Dragon performed an autonomous docking to the ISS 27 hours after launch with the hatch being opened roughly 2 hours later.[417] The vehicle spent nearly a week docked to the ISS to test critical functions. It undocked roughly a week later on 8 March 2019 and splashed down six hours later at 13:45.[418] The Dragon used on this flight was scheduled to fly on the inflight abort test in mid-2019 but was destroyed during testing.[419] The booster B1051.1 replaced B1050[420] and flew again on 12 June 2019.
[,"KSC,LC-39A",Arabsat-6A[422],"6,465 kg (14,253 lb)[423]",GTO,Success[i](drone ship)
,,,,,Success(ground pad)
,,,,,Success(ground pad)
[,,,,,"Second flight of Falcon Heavy, the first commercial flight, and the first one using Block 5 boosters. SpaceX successfully landed the side boosters at Landing Zone 1 and LZ 2 and reused the side boosters later for the STP-2 mission. The central core landed on drone ship Of Course I Still Love You, located 967 km (601 mi) downrange, the furthest sea landing so far attempted.[425] Despite the successful landing, due to rough seas the central core was unable to be secured to the deck for recovery and later tipped overboard in transit.[426][427] SpaceX recovered the fairing from this launch and later reused it in the November 2019 Starlink launch.[428][429] Arabsat-6A, a 6,465 kg (14,253 lb) Saudi satellite, is the most advanced commercial communications satellite so far built by Lockheed Martin.[430] The Falcon Heavy delivered the Arabsat-6A into a supersynchronous transfer orbit with 90,000 km (56,000 mi) apogee with an inclination of 23.0° to the equator.[431]"
,"CCAFS,SLC-40",SpaceX CRS-17[141](Dragon C113.2 ♺),"2,495 kg (5,501 lb)[432]",LEO (ISS),Success(drone ship)
[,,,,,"A Commercial Resupply Service mission to the International Space Station carrying nearly 2.5 tons of cargo including the Orbiting Carbon Observatory-3 as an external payload.[432] Originally planned to land at Landing Zone 1, the landing was moved to the drone ship after a Dragon 2 had an anomaly during testing at LZ-1.[433]"
,"CCAFS,SLC-40",Starlink v0.9 (60 satellites),"13,620 kg (30,030 lb)[5]",LEO,Success(drone ship)
[,,,,,"Following the launch of the two Tintin test satellites, this was the first full-scale test launch of the Starlink constellation, launching ""production design"" satellites.[435][436][437] Each Starlink satellite has a mass of 227 kg (500 lb),[438] and the combined launch mass was 13,620 kg (30,030 lb) the heaviest payload launched by SpaceX at that time.[439] The fairings were recovered[440] and reused for Starlink L5 in March 2020.[441] These are the first commercial satellites to use krypton as fuel for their ion thrusters, which is cheaper than the usual xenon fuel.[442]"
,"VAFB,SLC-4E",RADARSAT Constellation(3 satellites),"4,200 kg (9,300 lb)[443]",SSO,Success(ground pad)
[,,,,,"A trio of satellites built for Canada's RADARSAT program were launched that plan to replace the aging Radarsat-1 and Radarsat-2. The new satellites contain Automated Identification System (AIS) for locating ships and provide the world's most advanced, comprehensive method of maintaining Arctic sovereignty, conducting coastal surveillance, and ensuring maritime security.[444][443] The mission was originally scheduled to lift off in February but due to the landing failure of booster B1050, this flight was switched to B1051 (used on Crew Dragon Demo-1) and delayed to allow refurbishment and transport to the West coast.[420] The booster landed safely through fog.[445] A payload cost of roughly US$1 billion made this SpaceX's second most expensive payload launched[446][447] and most valuable commercial payload so far put into orbit.[448]"
[,"KSC,LC-39A",Space Test Program Flight 2 (STP-2),"3,700 kg (8,200 lb)",LEO / MEO,Failure(drone ship)
,,,,,Success(ground pad)
,,,,,Success(ground pad)
[,,,,,"USAF Space Test Program Flight 2 (STP-2)[74] carried 24 small satellites,[450] including: FormoSat-7 A/B/C/D/E/F integrated using EELV Secondary Payload Adapter,[451] DSX, Prox-1[452] GPIM,[453] DSAC,[454] ISAT, SET,[455] COSMIC-2, Oculus-ASR, OBT, NPSat,[456] and several CubeSats including E-TBEx,[457] LightSail 2,[458] TEPCE, PSAT, and three ELaNa 15 CubeSats. Total payload mass was 3,700 kg (8,200 lb).[459] The mission lasted six hours during which the second stage ignited four times and went into different orbits to deploy satellites including a ""propulsive passivation maneuver"".[456][460]
Third flight of Falcon Heavy. The side boosters from the Arabsat-6A mission just 2.5 months before were reused on this flight and successfully returned to LZ-1 and LZ-2.[420] The center core, in use for the first time, underwent the most energetic reentry attempted by SpaceX, and attempted a landing over 1,200 km (750 mi) downrange, 30% further than any previous landing.[461] This core suffered a thrust vector control failure in the center engine caused by a breach in the engine bay due to the extreme heat. The core thus failed its landing attempt on the drone ship Of Course I Still Love You due to lack of control when the outer engines shut down.[462] For the first time one fairing half was successfully landed on the catch-net of the support ship GO Ms. Tree (formerly Mr. Steven).[463]"
[,CCAFSSLC-40,SpaceX CRS-18[141](Dragon C108.3 ♺),"2,268 kg (5,000 lb)[464]",LEO (ISS),Success(ground pad)
[,,,,,"This launch carried nearly 9,000 individual unique payloads including over one ton of science experiments, the most so far launched on a SpaceX Dragon. The third International Docking Adapter (IDA-3), a replacement for the first IDA lost during the CRS-7 launch anomaly, was one of the external payloads on this mission.[466] Along with food and science, the Dragon also carried the ELaNa 27 RFTSat CubeSat[467] and MakerSat-1 which will be used to demonstrate microgravity additive manufacturing. The satellite is expected to be launched by a Cygnus dispenser later in July 2019.
The booster used on this flight was the same used on CRS-17 earlier in the year; originally, it was planned to reuse it again for the CRS-19 mission later this year,[468] but the plan was scrapped. For the first time, the twice flown Dragon spacecraft also made a third flight.[469] Also used for the first time was a gray-band painted where the RP-1 kerosene tank is located, to help with thermal conductivity and thus saving fuel during long coasts.[470]"
[,"CCAFS,SLC-40",AMOS-17[473],"6,500 kg (14,300 lb)[474]",GTO,No attempt[474]
[,,,,,"AMOS-17 is the most advanced high-throughput satellite to provide satellite communication services to Africa.[475] Following the loss of AMOS-6 in September 2016, Spacecom was granted a free launch in compensation for the lost satellite.[476] Due to the free launch, Spacecom was able to expend the booster with no extra cost that comes with expending a booster, and thus could reach final orbit quicker. This booster became the second Block 5 booster to be expended.[474][477] For the second time, Ms. Tree managed to catch a fairing half directly into its net.[478]"
[,"CCAFS,SLC-40",Starlink 1 v1.0 (60 satellites),"15,600 kg (34,400 lb)[5]",LEO,Success(drone ship)
[,,,,,"Second large batch of Starlink satellites and the first operational mission of the constellation, it launched in a roughly 290 km (180 mi) orbit at an inclination of 53.0°. At 15,600 kg (34,400 lb), it is the heaviest payload so far launched by SpaceX, breaking the record set by the Starlink v0.9 flight earlier that year.[5] This flight marked the first time that a Falcon 9 booster made a fourth flight and landing.[480] This was also the first time that a Falcon 9 re-used fairings (from ArabSat-6A in April 2019).[429] It was planned to recover the fairings with both Ms. Tree and Ms. Chief but the plan was abandoned due to rough seas.[5]"
[,"CCAFS,SLC-40",SpaceX CRS-19[483](Dragon C106.3 ♺),"2,617 kg (5,769 lb)",LEO (ISS),Success(drone ship)
[,,,,,"Second re-supply flight to use a Cargo Dragon for the third time.[484] This flight carried Robotic Tool Stowage (RiTS), a docking station that allows equipment that looks for leaks on the Space Station be stored on the outside. Also on board were upgrades for the Cold Atom Laboratory (CAL). Onboard experiments include the testing of the spread of fire in space, mating barley in microgravity and experiments to test muscle and bone growth in microgravity.[485] Secondary payloads include the Hyperspectral Imager Suite (HISUI), an experiment to image high resolution across all colours of the light spectrum, allowing for imaging of soil, rocks, vegetation, snow, ice and man-made objects. Additionally, there were three CubeSats from NASA's ELaNa 28 mission,[381] including the AztechSat-1 satellite built by students in Mexico.[485]"
[,"CCAFS,SLC-40",JCSat-18 / Kacific 1[487],"6,956 kg (15,335 lb)[486]",GTO,Success(drone ship)
[,,,,,"Singaporean-Japanese CondoSat that will cover the Asia-Pacific region.[488] Due to the heavy weight of the payload, it was injected into a lower energy sub-synchronous orbit of 20,000 km (12,000 mi); the satellite itself will transfer to full GTO. This was the third Falcon 9 launch for JSAT and the previous two were in 2016. SpaceX successfully landed B1056.3 but both fairing halves missed the recovery boats Ms. Tree and Ms. Chief.[489]"
[,"CCAFS,SLC-40",Starlink 2 v1.0 (60 satellites),"15,600 kg (34,400 lb)[5]",LEO,Success(drone ship)
[,,,,,"Third large batch and second operational flight of Starlink constellation. One of the 60 satellites included a test coating to make the satellite less reflective, and thus less likely to interfere with ground-based astronomical observations.[493]"
[,"KSC,LC-39A",Crew Dragon in-flight abort test[495](Dragon C205.1),"12,050 kg (26,570 lb)",Sub-orbital[496],No attempt
[,,,,,"An atmospheric test of the Dragon 2 abort system after Max Q. The capsule fired its SuperDraco engines, reached an apogee of 40 km (25 mi), deployed parachutes after reentry, and splashed down in the ocean 31 km (19 mi) downrange from the launch site. The test was previously slated to be accomplished with the Crew Dragon Demo-1 capsule;[498] but that test article exploded during a ground test of SuperDraco engines on 20 April 2019.[419] The abort test used the capsule originally intended for the first crewed flight.[499] As expected, the booster was destroyed by aerodynamic forces after the capsule aborted.[500] First flight of a Falcon 9 with only one functional stage — the second stage had a mass simulator in place of its engine."
[,"CCAFS,SLC-40",Starlink 3 v1.0 (60 satellites),"15,600 kg (34,400 lb)[5]",LEO,Success(drone ship)
[,,,,,"Third operational and fourth large batch of Starlink satellites, deployed in a circular 290 km (180 mi) orbit. One of the fairing halves was caught, while the other was fished out of the ocean.[502]"
[,"CCAFS,SLC-40",Starlink 4 v1.0 (60 satellites),"15,600 kg (34,400 lb)[5]",LEO,Failure(drone ship)
[,,,,,Fourth operational and fifth large batch of Starlink satellites. Used a new flight profile which deployed into a 212 km × 386 km (132 mi × 240 mi) elliptical orbit instead of launching into a circular orbit and firing the second stage engine twice. The first stage booster failed to land on the drone ship[504] due to incorrect wind data.[505] This was the first time a flight proven booster failed to land.
[,"CCAFS,SLC-40",SpaceX CRS-20(Dragon C112.3 ♺),"1,977 kg (4,359 lb)[507]",LEO (ISS),Success(ground pad)
[,,,,,"Last launch of phase 1 of the CRS contract. Carries Bartolomeo, an ESA platform for hosting external payloads onto ISS.[508] Originally scheduled to launch on 2 March 2020, the launch date was pushed back due to a second stage engine failure. SpaceX decided to swap out the second stage instead of replacing the faulty part.[509] It was SpaceX's 50th successful landing of a first stage booster, the third flight of the Dragon C112 and the last launch of the cargo Dragon spacecraft."
[,"KSC,LC-39A",Starlink 5 v1.0 (60 satellites),"15,600 kg (34,400 lb)[5]",LEO,Failure(drone ship)
[,,,,,"Fifth operational launch of Starlink satellites. It was the first time a first stage booster flew for a fifth time and the second time the fairings were reused (Starlink flight in May 2019).[511] Towards the end of the first stage burn, the booster suffered premature shut down of an engine, the first of a Merlin 1D variant and first since the CRS-1 mission in October 2012. However, the payload still reached the targeted orbit.[512] This was the second Starlink launch booster landing failure in a row, later revealed to be caused by residual cleaning fluid trapped inside a sensor.[513]"
[,"KSC,LC-39A",Starlink 6 v1.0 (60 satellites),"15,600 kg (34,400 lb)[5]",LEO,Success(drone ship)
[,,,,,"Sixth operational launch of Starlink satellites. The 84th flight of the Falcon 9 rocket, it surpassed Atlas V to become the most-flown operational US rocket.[515] Used fairings launched on AMOS-17 (August 2019).[516]"
[,"KSC,LC-39A",Crew Dragon Demo-2[414](Crew Dragon C206.1 Endeavour),"12,530 kg (27,620 lb)[519]",LEO (ISS),Success(drone ship)
[,,,,,"First crewed orbital spaceflight from American soil since Space Shuttle STS-135 in July 2011, carrying NASA astronauts Bob Behnken and Doug Hurley to the International Space Station.[414] The SpaceX live stream was peaked at 4.1 million viewers, while NASA estimated roughly 10 million people watched on various online platforms, and approximately 150,000 people gathered on Florida's space coast despite the risks of the COVID-19 pandemic.[520]"
[,"CCAFS,SLC-40",Starlink 7 v1.0 (60 satellites),"15,600 kg (34,400 lb)[5]",LEO,Success(drone ship)
[,,,,,"Seventh operational launch of Starlink satellites, occurred on the 10th anniversary of the first Falcon 9 flight. Included ""VisorSat"" satellite test that uses a sunshade to limit reflectivity.[522] First booster to successfully land five times, and first to land on Just Read The Instructions since it was moved to the East Coast."
[,"CCAFS,SLC-40","Starlink 8 v1.0 (58 satellites),[524][525]SkySats-16, -17, -18","15,410 kg (33,970 lb)[523]",LEO,Success(drone ship)
[,,,,,"Eighth operational launch of Starlink satellites, included the first rideshare in SpaceX's SmallSat Program, of three SkySat satellites.[526][527] One payload fairing half launched on JCSat-18 / Kacific 1 mission in December 2019. The other payload fairing half flew on Starlink 2 v1.0 in January 2020.[528] For the first time, SpaceX did not perform a static fire before launch."
[,"CCAFS,SLC-40",GPS III-03 (Matthew Henson),"4,311 kg (9,504 lb)[530]",MEO,Success(drone ship)
[,,,,,"Payload manufacturing contract awarded January 2012,[531] fully assembled in August 2017,[532][533] and completed thermal vacuum testing in June 2018.[534] Launch contract was awarded initially for US$96.5 million,[535] but later, this was discounted in exchange for allowing to launch configuration enabling booster recovery.[536] The vehicle nicknamed Columbus was transported to Florida in February 2020,[537] but launch was delayed by the customer from April 2020 due to the COVID-19 pandemic.[538] The launch was dedicated to the memory of the recently deceased, late commander of the 21st Space Wing, Colonel Thomas G. Falzarano,[539][540] and after launch, in October 2020, the nickname was changed to that of the Arctic explorer Matthew Henson.[541][390] The second stage featured a gray band to allow more heat to be absorbed during the longer coasting period,[542] while both fairings were recovered out of the water without attempting a catch in the net."
[,"CCAFS,SLC-40",ANASIS-II,"5,000–6,000 kg (11,000–13,000 lb)",GTO,Success(drone ship)
[,,,,,"At 5-6 tonnes, the satellite formerly known as K-Milsat-1 is South Korea's first dedicated military satellite. Contracted by South Korea's Defense Acquisition Program Administration in 2014.[545] 57th successful recovery of a Falcon 9 first stage. For the first time both fairing halves were also successfully caught by fairing catching ships.[546] This launch featured a booster reflight within 51 days, a new record turnaround time for a Falcon booster.[547] It was the same booster that launched the Crew Dragon Demo-2 spacecraft on 30 May 2020.[543] The satellite was delivered to a super-synchronous transfer orbit of 211 km × 45,454 km (131 mi × 28,244 mi), while both fairing halves were caught in the catch nets of the supports ships.[548]"
[,"KSC,LC-39A","Starlink 9 v1.0 (57 Satellites),[524]SXRS-1 (BlackSky Global 7 and 8)","14,932 kg (32,919 lb)",LEO,Success(drone ship)
[,,,,,"Ninth operational launch of Starlink satellites. This mission carried 57 Starlink satellites and two BlackSky satellites as rideshare.[550] This first rideshare contracted with Spaceflight Industries was dubbed internally as ""SXRS-1"".[551] After previously testing on a single Starlink, the launch will have all 57 satellites include a ""VisorSat"" to reduce their brightness.[552]"
[,"CCAFS,SLC-40","Starlink 10 v1.0 (58 satellites)SkySat-19, -20, -21","~15,440 kg (34,040 lb)",LEO,Success(drone ship)
[,,,,,"Tenth operational launch of Starlink satellites. Starlink flight including three SkySat rideshare satellites.[526] First time a booster made a 6th flight.[554] The fairings previously flew on Starlink 3 v1.0. One fairing half was caught by Go Ms. Tree, the other was scooped out of the ocean.[526]"
[,"CCAFS,SLC-40",SAOCOM 1B[556]GNOMES 1[556]Tyvak-0172[557],"3,130 kg (6,900 lb)[558]",SSO,Success(ground pad)
[,,,,,"The 100th launch in SpaceX's history, first time a commercial launch on a fourth launch of a booster, it deployed Earth-observing satellites built by Argentina's space agency CONAE and two rideshares. SpaceX was contracted in 2009 for an initial launch as early as 2013.[559] Originally planned for launch from Vandenberg but launched from Cape Canaveral, which made it the first flight from there using the southern corridor to a polar orbit since 1969.[560][561]"
[,"KSC,LC-39A",Starlink 11 v1.0 (60 satellites),"15,600 kg (34,400 lb)[5]",LEO,Success(drone ship)
[,,,,,"Eleventh operational launch of Starlink satellites, bringing the total to 713 launched Starlink satellites.[562]"
[,"KSC,LC-39A",Starlink 12 v1.0 (60 satellites),"15,600 kg (34,400 lb)[5]",LEO,Success(drone ship)
[,,,,,"Twelfth operational launch of Starlink satellites, which for the first time used a fairing half on its third launch.[566] Also, the B1058 holds the title for the shortest time a booster reached 3 flights which is 129 days beating B1046 by 77 days."
[,"KSC,LC-39A",Starlink 13 v1.0 (60 satellites),"15,600 kg (34,400 lb)[5]",LEO,Success(drone ship)
[,,,,,Thirteenth operational launch of Starlink satellites. Second time a booster was flown six times and first time both fairing halves were flown a third time. Both fairing halves landed on their respective ships but one fairing broke the net on Ms Tree.[569]
[,"CCAFS,SLC-40",Starlink 14 v1.0 (60 satellites),"15,600 kg (34,400 lb)",LEO,Success(drone ship)
[,,,,,Fourteenth operational launch of Starlink satellites and the 100th successful launch of a Falcon vehicle.[571]
[,"CCAFS,SLC-40",GPS III-04 (Sacagawea)[541][573],"4,311 kg (9,504 lb)",MEO,Success(drone ship)
[,,,,,"Manufacturing contract awarded in January 2012,[531] underwent thermal vacuum testing in December 2018,[574] while the launch contract was awarded in March 2018.[575] A launch attempt on 3 October 2020 was aborted two seconds before liftoff due to early start in two engines.[576][577] Following the abort, two engines from B1062 were sent for further testing.[578] The abort also caused delays to the Crew-1 launch to allow time for data review.[579][580]"
[,"KSC,LC-39A",Crew-1(Crew Dragon C207.1 Resilience),"~12,500 kg (27,600 lb)",LEO (ISS),Success(drone ship)
[,,,,,"First crew rotation of the commercial crew program, following the return in August of the crewed test flight mission Crew Demo 2. Originally designated ""USCV-1"" by NASA. Carried astronauts Victor Glover, Mike Hopkins, Shannon Walker and Soichi Noguchi, for a 6-month stay aboard the ISS, during which the Boeing Starliner OFT-2 flight is expected to dock also.[583] The first flight of the crew program was initially expected to launch in 2017,[584][585] and finished final certifications in November 2020.[586]"
[,"VAFB,SLC-4E",Sentinel-6 Michael Freilich (Jason-CS A),"1,192 kg (2,628 lb)",LEO,Success(ground pad)
[,,,,,"Named after the former director of NASA's Earth science program, it is a radar altimeter satellite part of the Ocean Surface Topography constellation located at 1,336 km (830 mi) and 66° inclination, and a follow-up to Jason 3 as a partnership between the United States (NOAA and NASA), Europe (EUMETSAT, ESA, CNES).[588]"
[,"CCAFS,SLC-40",Starlink 15 v1.0 (60 satellites),"15,600 kg (34,400 lb)",LEO,Success(drone ship)
,,,,,First time a booster was launched for a seventh time and first time SpaceX completed four launches in a single month.
[,"KSC,LC-39A",SpaceX CRS-21(Dragon C208.1),"2,972 kg (6,552 lb)",LEO (ISS),Success(drone ship)
[,,,,,"First launch of phase 2 of the CRS contract of six launches awarded in January 2016.[593] It was the first launch of the upgraded version Cargo Dragon 2 spacecraft, with increased payload capacity and autonomous docking to the ISS. Payloads included Will Nanoracks Bishop Airlock[594] and CFIG-1 (Cool Flames Investigation with Gases).[595] It's also the 100th successful Falcon 9 launch."
[,"CCSFS,SLC-40[597]",SXM-7,"7,000 kg (15,000 lb)",GTO,Success(drone ship)
[,,,,,"Launched the largest, high-power broadcasting satellite for SiriusXM's digital audio radio service (DARS). SXM-7 was built by Maxar Technologies; intended to operate in the S-band spectrum, it will replace the SXM-3 satellite. The satellite will deliver the highest power density of any commercial satellite on-orbit,[598] generate more than 20 kW of power, and have a large unfoldable antenna reflector, which enables broadcast to radios without the need for large dish-type antennas on the ground. Due to the heavy weight, the payload was injected into a sub-synchronous orbit of 224 km × 19,411 km (139 mi × 12,061 mi) and the satellite itself will transfer to full GTO.[599] It was the first time a commercial primary payload flew on a booster which had been flown more than 4 times before.[600] First dedicated customer launch where the fairings were previously used.[601]"
[,"KSC,LC-39A",NROL-108,Classified,LEO,Success(ground pad)
[,,,,,"The planned launch was not known by the public until FCC filings appeared in late September followed by confirmation from the NRO on 5 October 2020, likely a relatively light payload that allows the return of the booster to the launch site.[603]"
[,"CCSFS,SLC-40",Türksat 5A[605],"3,500 kg (7,700 lb)",GTO,Success(drone ship)
[,,,,,"A 3,500 kg (7,700 lb) satellite intended to be stationed at 31.0° east.[605] This is the most powerful satellite in Türksat's fleet[606] and will provide Ku-band television broadcast services over Turkey, the Middle East, Europe and Africa. The satellite was injected in to a Super-synchronous transfer orbit of 280 km × 55,000 km (170 mi × 34,180 mi) with 17.6° inclination.[607]"
[,"KSC,LC-39A",Starlink 16 v1.0 (60 satellites),"15,600 kg (34,400 lb)",LEO,Success(drone ship)
[,,,,,The first booster to successfully launch and land eight times. Achieved a record turnaround time between two launches of the same booster of only 38 days and brought the total of launched Starlink satellites to over 1000.[610] SpaceX stated that the landing would occur during higher winds than usual; this test to expand the landing envelope was successfully passed by the booster.[611]
[,"CCSFS,SLC-40",Transporter-1 (143 smallsat rideshare),"~5,000 kg (11,000 lb)",SSO,Success(drone ship)
[,,,,,"First dedicated smallsat rideshare launch, targeting a 525 km (326 mi) altitude orbit.[614] The launch deployed a record 143 satellites, consisting of 120 CubeSats, 11 microsatellites, 10 Starlinks, and 2 transfer stages. In addition, 2 hosted payloads and 1 non-separating dummy satellite[615] were[failed verification] launched.[616] These include SpaceBEE (x 36), Lemur-2  (x 8), ICEYE (x 3), UVSQ-SAT,[617] ELaNa 35 (PTD-1),[381] and multiple Kepler nanosats.[618][619] D-Orbit flew their ION SCV LAURENTIUS, 10 Starlink satellites were placed in a polar orbit[620] and 2 of 15 payloads remained attached to SHERPA-FX1. Exolaunch deployed several small satellites and cubesats via their own deployment mechanisms. First flight of a Falcon 9 with a SHERPA-FX transfer stage called  SHERPA-FX1.[621][622]"
[,"CCSFS,SLC-40",Starlink 18 v1.0 (60 satellites),"15,600 kg (34,400 lb)",LEO,Success(drone ship)
[,,,,,"This marked the fastest turnaround to date, at 27 days, and the first time a Falcon 9 flies twice within a month.[625]"
[,"CCSFS,SLC-40",Starlink 19 v1.0 (60 satellites)[627],"15,600 kg (34,400 lb)",LEO,Failure (drone ship)
[,,,,,"A hole in a heat-shielding engine cover, which likely developed through fatigue, allowed recirculating hot exhaust gases to damage one of the Merlin 1D first-stage engines, causing it to shut down early during ascent. Engine-out capability of the Falcon 9 allowed the mission to continue and successfully deploy the 60 Starlink satellites to orbit.[628] The issue caused the booster to fail its landing attempt and miss the droneship Of Course I Still Love You (OCISLY) after its entry burn, breaking the longest streak of 24 landing successes.[629] During this mission, GO Ms. Tree and GO Ms. Chief were used for the last time to recover the fairings.[630][631] After this mission, both ships were retired because SpaceX no longer plans to catch the fairings.[632]"
[,"KSC,LC-39A",Starlink 17 v1.0 (60 satellites),"15,600 kg (34,400 lb)",LEO,Success(drone ship)
[,,,,,"Launch had previously been postponed multiple times, causing the payload Starlink L17 to launch after the L18 and L19 missions. Featured for the first time, a fairing which was flying on its fourth flight.[635] The second-stage deorbit burn failed, causing an uncontrolled reentry on 26 March 2021 over the west coast of the United States.[636]"
[,"CCSFS,SLC-40",Starlink 20 v1.0 (60 satellites),"15,600 kg (34,400 lb)",LEO,Success(drone ship)
[,,,,,"Twentieth operational launch of Starlink satellites, bringing the total to 1,265 (including prototypes) launched Starlink satellites.[639]"
[,"KSC,LC-39A",Starlink 21 v1.0 (60 satellites),"15,600 kg (34,400 lb)",LEO,Success(drone ship)
[,,,,,"First time a first-stage booster flew and landed for the ninth time. This flight also marked the fastest turnaround time for a fairing half, at 49 days. Both fairing halves previously flew on the Transporter-1 mission.[641]"
[,"CCSFS,SLC-40",Starlink 22 v1.0 (60 satellites),"15,600 kg (34,400 lb)",LEO,Success(drone ship)
[,,,,,"Fairing ""wet recovery"" achieved by contracted recovery vessel Shelia Bordelon for the first time. Both fairing halves were retrieved from the water.[644]"
,"CCSFS,SLC-40",Starlink 23 v1.0 (60 satellites),"15,600 kg (34,400 lb)",LEO,Success(drone ship)
[,,,,,"23rd operational launch of Starlink satellites, bringing the total to 1,385 launched Starlink satellites (including prototype). This launch featured the second fastest booster turnaround time at 27 days and 8 hours (after Starlink 18 with B1060.5, which was 4 hours faster).[645]"
[,"KSC,LC-39A",Crew-2(Crew Dragon C206.2 Endeavour ♺),"~13,000 kg (29,000 lb)[648]",LEO (ISS),Success(drone ship)
[,,,,,"Second operational flight of Crew Dragon for Commercial Crew Program. Transported NASA astronauts Shane Kimbrough and Megan McArthur, JAXA Astronaut Akihiko Hoshide and ESA astronaut Thomas Pesquet to the ISS.[649] The four astronauts will spend 6 months aboard the ISS. Beginning with the Crew-2 mission, NASA has modified the contract to allow NASA astronauts to use flight-proven Dragon capsules and booster.[650] Thus SpaceX reflew the Dragon used on Demo-2 and used Booster B1061-2 which had been used to launch Crew-1 in November 2020."
[,"CCSFS,SLC-40",Starlink 24 v1.0 (60 satellites),"15,600 kg (34,400 lb)",LEO,Success(drone ship)
[,,,,,"24th operational launch of Starlink satellites, bringing the total to 1,434 Starlink satellites still in orbit. This launch also paid tribute to Apollo 11 crew Michael Collins, who passed away hours before the launch.[653]"
[,"KSC,LC-39A",Starlink 25 v1.0 (60 satellites),"15,600 kg (34,400 lb)",LEO,Success(drone ship)
,,,,,"25th operational launch of Starlink satellites, bringing the total to 1,494 Starlink satellites still in orbit, second time a booster flew for the ninth time."
[,"CCSFS,SLC-40",Starlink 27 v1.0 (60 satellites),"15,600 kg (34,400 lb)",LEO,Success(drone ship)
[,,,,,"Booster flew and landed for a record 10th time, with reused fairings, bringing the total number of operational Starlink satellites in the first shell to approximately 1516 out of a planned 1584.[658]"
[,"KSC,LC-39A[661]",Starlink 26 v1.0 (52 Satellites) Capella-6 &Tyvak-0130[662],"~14,000 kg (31,000 lb)",LEO,Success(drone ship)
[,,,,,"Rideshare launch with a targeted orbit at 569x582, significantly higher than typical Starlink launches, to allow for needs of the rideshare payloads.[663]"
[,"CCSFS,SLC-40[665]",Starlink 28 v1.0 (60 Satellites)[665],"15,600 kg (34,400 lb)",LEO,Success(drone ship)
[,,,,,"Will likely complete the first shell of the Starlink network located at 550 km altitude and containing 1584 satellites.[663] It was 40th launch a fairing was reused, with one half being used for the 5th time (first fairing to do so) and the other for a 3rd time.[666] This launch marks SpaceX's 100th successful launch in a row without in-flight failure since December 2015."
[,"KSC,LC-39A",SpaceX CRS-22(Dragon C209.1),"3,328 kg (7,337 lb)",LEO (ISS),Success(drone ship)
[,,,,,"Second of a minimum of six new cargo missions under the CRS-2 contract, which NASA awarded SpaceX in 2015. Mission was flown with an uncrewed Dragon 2 capsule,[669] which carried solar panels, catalytic reactor for the station’s life support system, an emergency air supply system, Kurs remote control unit, and a Potable Water Dispense (PWD) filter. Also carried were the RamSat cubesat as payload for ELaNa 36,[670] the SOAR cubesat for the University of Manchester[671] and the first Mauritian satellite MIR-SAT1[672] to be launched from the station later."
[,"CCSFS,SLC-40",SXM-8[674],"7,000 kg (15,000 lb)",GTO,Success(drone ship)
[,,,,,"A large, high-power broadcasting satellite for SiriusXM's digital audio radio service (DARS) contracted together with SXM-7 to replace the aging XM-4 satellite and allow broadcast to radios without the need for large dish-type antennas on the ground.[600][675]"
[,"CCSFS,SLC-40",GPS III-05 (Neil Armstrong)[541][388],MEO,USSF[530],USSF[530]
[,,,,,"Manufacturing contract awarded February 2013.[682] In March 2018, the Air Force announced it had awarded the launch contract for three GPS satellites to SpaceX.[683]"
[,"CCSFS,SLC-40",Transporter-2 SmallSat Rideshare,SSO,Various,Various
[,,,,,"Expected to launch are Polar Vigilence (4 sats), Exolaunch YAM-3 (~30 Sats), – Mars Demo-1, Satellogic,[684] Capella-5[685] HawkEye Cluster 3 (multiple sats), Spaceflight Industries (multiple sats on Sherpa-FX2 Sherpa-LTE1 and one on a separate port).[686]"
[,"VSFB,SLC-4E",Starlink,Polar LEO,SpaceX,SpaceX
[,,,,,Polar Starlink launches to start from July 2021.[663]
[,"CC, LC-39A or SLC-40 or VSFB, SLC-4E",Starlink,Polar LEO or LEO,SpaceX,SpaceX
,,,,,
[,"KSC,LC-39A",SpaceX CRS-23,LEO (ISS),NASA (CRS),NASA (CRS)
[,,,,,"Third of six new cargo missions NASA awarded in 2015 to SpaceX under the CRS-2 contract to be flown after the initial 20 missions of phase 1 were completed in 2020.[669] Includes FBCE, SoFIE."
[,"CC,LC-39A or SLC-40",Starlink,LEO,SpaceX,SpaceX
,,,,,
[,"KSC,LC-39A",Inspiration4,LEO,Jared Isaacman,Jared Isaacman
[,,,,,"SpaceX signed in February 2021, its first all-civilian flight for a crewed spacecraft with Jared Isaacman (Leadership), founder and CEO of Shift4 Payments, who will command and pilot the mission, and who donated the three other seats in the Crew Dragon vehicle's launch to LEO. The first of these three seats (Generosity) was won by Christopher Sembroski in a lottery, who donated to St. Jude Children's Research Hospital, the second seat (Hope) was awarded to Hayley Arceneaux, an ambassador associated with that hospital, and the third seat (Prosperity) was awarded to Sian Proctor, the winner of a contest between entrepreneurs who use Shift4Shop. The seats was awarded on 30 March 2021.[691][692] The mission will go to an orbit with an apogee of about 540 km and last about three days. The docking adapter of Crew Dragon Resilience will be replaced by an extra dome window.[690][693]"
[,"VSFB,SLC-4E",SARah-1[694]Additional payload to be announced.[694],SSO,German Intelligence Service,German Intelligence Service
[,,,,,"Phased-array-antenna satellite intended to upgrade the German SAR-Lupe surveillance satellites.[695] In January 2019, the satellites were expected to be launched between November 2020 and September 2021.[696]"
[,"VSFB,SLC-4E",SARah 2 & 3[697],SSO,German Intelligence Service,German Intelligence Service
[,,,,,"In January 2019, the satellites were expected to be launched between November 2020 and September 2021.[696]"
[,"CC,LC-39A or SLC-40",Starlink,LEO,SpaceX,SpaceX
,,,,,
[,"CC,LC-39A or SLC-40","O3b mPOWER 1, 2 and 3",MEO,SES,SES
[,,,,,"In September 2019, SES signed a contract to launch the first part of their seven MEO satellites for its proven O3b low-latency, high-performance connectivity services.[700][701]"
[,"KSC,LC-39A",Crew-3,LEO (ISS),NASA (CTS)[497],NASA (CTS)[497]
[,,,,,"SpaceX's third operational Crew Dragon flight is scheduled to carry NASA astronauts Thomas Marshburn, Kayla Barron and Raja Chari as well as German ESA astronaut Matthias Maurer.[703] It will also carry up to 100 kg (220 lb) of cargo to the ISS as well as feature a lifeboat function to evacuate astronauts from ISS in case of an emergency.[497]"
[,"KSC,LC-39A",USSF-44[705]Tetra-1[706],GEO,USSF,USSF
[,,,,,"Classified payload totaling 3,750 kg (8,270 lb). Will use three new boosters, and first Heavy launch to deliberately expend the center core which may lack grid fins and landing gear needed for a landing, while the two side-boosters will be targeting a simultaneous landing on droneships, JRTI and A Shortfall Of Gravitas (ASOG).[707][708][709] First SpaceX mission directly to geostationary orbit. Secondary payload Tetra-1."
[,"CC,LC-39A or SLC-40",NROL-85 (Intruder 13A and 13B),LEO,NRO,NRO
[,,,,,Classified mission awarded to SpaceX in February 2019.[711]
[,"KSC,LC-39A",Imaging X-ray Polarimetry Explorer (IXPE)[712],LEO,NASA (LSP),NASA (LSP)
[,,,,,"SMEX 14 mission with three identical NASA telescopes on a single spacecraft, designed to measure X-Rays. The launch contract was awarded to SpaceX for US$50.3 million.[712]"
[,"VSFB,SLC-4E",Double Asteroid Redirection Test (DART)[714][715],Heliocentric,NASA (LSP),NASA (LSP)
[,,,,,The 500 kg DART spacecraft will be used to measure the kinetic effects of crashing an impactor into the surface of the moon of 65803 Didymos asteroid. It will be the first mission to demonstrate asteroid redirect capability.[714]
[,"CC,LC-39A or SLC-40",Starlink,LEO,SpaceX,SpaceX
,,,,,
[,"KSC,LC-39A",SpaceX CRS-24,LEO (ISS),NASA (CRS),NASA (CRS)
[,,,,,Fourth of six new cargo missions NASA awarded in 2015 to SpaceX under the CRS-2 contract to be flown after the initial 20 missions of phase 1 were completed in 2020.[669]
[,"VSFB,SLC-4E","Transporter-3, SmallSat Rideshare[716]",SSO,Various,Various
,,,,,
[,"CC,LC-39A or SLC-40",Türksat 5B,GTO,Türksat,Türksat
[,,,,,"The first GTO satellite partially built in Turkey, the 4,500 kg (9,900 lb) satellite is intended to be placed at 42.0° east.[717]"
[,"VSFB,SLC-4E",WorldView Legion Mission 1[719],SSO,Maxar,Maxar
[,,,,,Two Maxar Technologies satellites built by subsidiary SSL for subsidiary DigitalGlobe.[719]
[,"KSC,LC-39A",Space Adventures Dragon Mission,LEO,Space Adventures,Space Adventures
[,,,,,"SpaceX signed in February 2020, its first commercial flight for a crewed spacecraft with the Virginia-based company that had flown seven space tourists between 2001 and 2009. The flight will be around 3 days, up to 5 days, on an elliptical orbit with the apogee three times that of the ISS, and up to four space tourists with a price per seat of around US$50 million.[720][721]"
[,"KSC,LC-39A",AX-1(Crew Dragon C207.3 Resilience ♺),LEO (ISS),Axiom Space,Axiom Space
[,,,,,"Announced in March 2020, the flight will be the first fully private flight to the ISS.[723] Crew Dragon will be commanded by Axiom professional astronaut Michael López-Alegría."
,"KSC,LC-39A",Crew-4,LEO (ISS),NASA (CTS)[497],NASA (CTS)[497]
[,,,,,NASA has awarded six missions with Crew Dragon to carry up to four astronauts and 100 kg (220 lb) of cargo to the ISS as well as feature a lifeboat function to evacuate astronauts from ISS in case of an emergency.[497] First two astronauts are NASA's Kjell Lindgren and Bob Hines.[724]
[,"CC,LC-39A or SLC-40","O3b mPOWER -4, -5, -6",MEO,SES,SES
[,,,,,"Second part of SES' MEO satellites for its proven O3b low-latency, high-performance connectivity services.[700][701]"
[,"VSFB,SLC-4E","Transporter-4, SmallSat Rideshare",SSO,Various,Various
,,,,,Dedicated SmallSat Rideshare mission to sun-synchronous orbit.
[,"KSC,LC-39A",Intuitive Machines Nova-C lunar lander,TLI,NASA (CLPS),NASA (CLPS)
[,,,,,"First mission of NASA's Commercial Lunar Payload Services program, and would be the first private American company to land a spacecraft on the Moon. The lander is expected to carry five payloads of up to 100 kg (220 lb) total (LRA, NDL, LN-1, SCALPSS, and ROLSES) and transmit data from the lunar surface in a mission lasting 2 weeks.[728][729][730] DOGE-1 will be a secondary rideshare payload massing 40 kg.[731][732]"
[,"VSFB,SLC-4E",WorldView Legion Mission 2[719],SSO,,
,,,,,Maxar Technologies built satellites.
[,"KSC,LC-39A",SpaceX CRS-25[669],LEO (ISS),NASA (CRS),NASA (CRS)
[,,,,,Fifth of six new cargo missions NASA awarded in 2015 to SpaceX under the CRS-2 contract to be flown after the initial 20 missions of phase 1 were completed in 2020.[669]
[,"KSC,LC-39A",USSF-52,GTO,USSF,USSF
[,,,,,"Classified payload contract awarded in June 2018 for US$130 million.[735] Draft solicitation said the launch was 6,350 kg (14,000 lb) to GTO.[736]"
[,"KSC,LC-39A",ViaSat-3 class [738][739],GEO,ViaSat,ViaSat
[,,,,,"This mission will inject the satellite in close proximity to geostationary orbit, thus allowing it to be operational faster. Satellites of the ViaSat-3 class use electric propulsion, which requires less fuel for stationkeeping operations over their lifetime, but would need several months to raise its orbit from GTO to GEO.[739]"
[,"VSFB,SLC-4E","Transporter-5, SmallSat Rideshare",SSO,Various,Various
,,,,,Dedicated SmallSat Rideshare mission to sun-synchronous orbit.
[,"CCSFS,SLC-40",Korea Pathfinder Lunar Orbiter (KPLO)[742],TLI,KARI,KARI
[,,,,,South Korea's first lunar mission.[742]
[,"KSC,LC-39A",Psyche and possibly Janus[743],Heliocentric,NASA (Discovery),NASA (Discovery)
[,,,,,"Discovery Program mission designed to explore asteroid 16 Psyche that has a limited 6-week launch window. The asteroid is hoped to show what the early solar system looked like and how planets formed.[744] Janus, planned dual space probe to visit two binary asteroids, (35107) 1991 VH and (175706) 1996 FG3 is also expected to be launched as a secondary payload together with the Psyche space probe."
[,"KSC,LC-39A",SpaceX CRS-26[669],LEO (ISS),NASA (CRS),NASA (CRS)
[,,,,,Last of six new cargo missions NASA awarded in 2015 to SpaceX under the CRS-2 contract to be flown after the initial 20 missions of phase 1 were completed in 2020.[669]
,"CC,LC-39A or SLC-40",Galaxy 31 and Galaxy 32 (2 satellites),GTO,Intelsat,Intelsat
[,,,,,Maxar Technologies or Northrop Grumman built satellites[745]
[,TBD,USSF-67,TBD,USSF,USSF
[,,,,,"First launch of Phase 2 US Air Force contract. US$316 million cost for the fiscal year of 2022 for the first flight,[746] mostly includes the cost of an extended payload fairing, upgrades to the company's West Coast launch pad at Vandenberg Space Force Base in California, and a vertical integration facility required for NRO missions, while the launching price does not increase.[747]"
,"CC,LC-39A or SLC-40",MethaneSAT,SSO,Environmental Defense FundNew Zealand Space Agency,Environmental Defense FundNew Zealand Space Agency
[,,,,,"MethaneSAT is a 350 kg (770 lb) among satellite aimed at locating, quantifying, and tracking methane emissions from oil and gas operations worldwide. The project received $100 million grant for the mission's completion and launching from the Bezos Earth Fund, established by Jeff Bezos.[748]"
[,"KSC,LC-39A",Crew-5,LEO (ISS),NASA (CTS)[497],NASA (CTS)[497]
[,,,,,"Fifth USCV launches out of NASA award of six Crew Dragon mission, to carry up to four astronauts and 100 kg (220 lb) of cargo to the ISS as well as feature a lifeboat function to evacuate astronauts from ISS in case of an emergency.[497]"
[,"VSFB,SLC-4E","Transporter-6, SmallSat Rideshare",SSO,Various,Various
,,,,,Dedicated SmallSat Rideshare mission to sun-synchronous orbit.
[,"VSFB,SLC-4E[749]",Surface Water Ocean Topography (SWOT),LEO,NASA,NASA
[,,,,,American-European satellite intended to measure the surface altitude of water bodies with centimeter-level precision.[750]
,TBD,Masten Mission One (MM1)XL-1 lunar lander,TLI,Masten Space SystemsNASA (CLPS),Masten Space SystemsNASA (CLPS)
[,,,,,"In April 2020, NASA announced Masten as one of the CLPS contract winners to send a lander to the lunar South pole in 2022 with several payloads.[751] In August 2020, Masten announced they signed a launch contract with SpaceX.[752][753]"
[,"VSFB,SLC-4E",ASBM 1 and ASBM 2,HEO,Space Norway,Space Norway
[,,,,,"Space Norway will launch 2 satellites of the Arctic Satellite Broadband Mission (ASBM) system into highly elliptical orbits (apogee 43,509 km (27,035 mi), perigee 8,089 km (5,026 mi), 63.4°)[755]) to provide communication coverage to high latitudes not served by geosynchronous satellites.[754]"
,"CC,LC-39A or SLC-40",Galaxy 33 and Galaxy 34 (2 satellites),GTO,Intelsat,Intelsat
[,,,,,Maxar Technologies or Northrop Grumman built satellites.[745]
[,TBD,Intuitive Machines Nova-C 2 lunar lander,TLI,NASA (CLPS)ispace,NASA (CLPS)ispace
,,,,,"Intuitive Machines is sending its second lander aboard a SpaceX Falcon 9, with a projected launch time frame happening sometime around late 2022. Intuitive Machines has already booked a first lander mission via SpaceX, which is also hosting payloads for other private companies seeking to make lunar landfall under NASA's Commercial Lunar Payload Services program."
[,"CC,SLC-40",Hakuto-R Mission 1 Moon lander andEmirates Lunar Mission (Rashid) rover (secondary payload),TLI,ispace and MBRSC,ispace and MBRSC
[,,,,,"ispace's Hakuto-R (for Reboot) is derived from the Hakuto project that was one of the defunct Google Lunar X Prize contestants. The rebooted project aims to launch a lander-rover mission carrying a Hakuto-R lander and Emirates Lunar Mission(Rashid) rover (in collaboration with MBRSC) in 2022 with a separate Japanese rover mission in 2023, both as secondary payloads on other unspecified Falcon 9 missions.[758][759]"
[,"CC,LC-39A or SLC-40",GPS III-06 (Amelia Earhart)[541][388],MEO,USSF[530],USSF[530]
[,,,,,"Space vehicle manufacturing contract awarded February 2013.[682] In September 2018, the space vehicle was integrating harnesses.[534] In March 2018, the Air Force announced it had awarded the launch contract for three GPS satellites to SpaceX."
[,"KSC,LC-39A",Inmarsat-6B,GTO,Inmarsat,Inmarsat
[,,,,,"Inmarsat maintained its launch option after a scheduled 2016 Falcon Heavy launch (a European Aviation Network satellite) was switched for an Ariane 5 launch in 2017.[762] This option may be used for launching Inmarsat-6B,[763] and, as of April 2020[update], SpaceX's launch manifest listed Inmarsat for a Falcon 9 launch.[764]"
,"CC,LC-39A or SLC-40",SES-18 and SES-19[765],GTO,SES,SES
[,,,,,"SpaceX will launch two C-band satellites for SES, with the option to launch a third satellite on a second flight.[766][767]"
[,"CC,LC-39A or SLC-40","O3b mPOWER 7, 8 and 9",MEO,SES,SES
[,,,,,"In August 2020, SES expanded the O3m contract with two additional launches, raising the number of satellites from 7 to 11 satellites at nearly 2 tons each.[768][769]"
[,"CC,LC-39A or SLC-40",Nilesat-301[770],GTO,Nilesat,Nilesat
[,,,,,"Built by Thales Alenia Space, the Egyptian satellite will be stationed at 7.0° west.[770]"
,"CC,LC-39A or SLC-40",Intelsat 40eTEMPO,GTO,IntelsatNASA,IntelsatNASA
[,,,,,Maxar Technologies built satellite that will service North and Central America.[771]
[,"VSFB,SLC-4E",NROL-87,SSO[773],NRO,NRO
[,,,,,Classified payload. It was expected to be completed by December 2021.[705]
[,"CC,LC-39A or SLC-40",Aurora 4A (secondary payload)[775],GTO,Astranis,Astranis
[,,,,,"This small (300 kg (660 lb)) geostationary satellite intends to provide 7.5 Gbit/s of bandwidth to Alaska, in partnership with Pacific Dataport. Originally was aiming for launch in quarter four 2020.[776]"
[,"KSC,LC-39A",SpaceX CRS-27,LEO (ISS),NASA (CRS),NASA (CRS)
[,,,,,Three more CRS-2 missions for Dragon 2 covering up to CRS-29 were announced in December 2020.[777]
[,"KSC,LC-39A",Crew-6,LEO (ISS),NASA (CTS)[497],NASA (CTS)[497]
[,,,,,"Last USCV launches out of NASA award of six Crew Dragon mission, to carry up to four astronauts and 100 kg (220 lb) of cargo to the ISS as well as feature a lifeboat function to evacuate astronauts from ISS in case of an emergency.[497]"
[,"CC,LC-39A or SLC-40",Hakuto-R Moon lander (secondary payload)[758][779],TLI,ispace,ispace
[,,,,,"Ispace's Hakuto-R (for Reboot) is derived from the Hakuto project that was one of the defunct Google Lunar X Prize contestants. The rebooted project aims to launch a lander-rover mission carrying a Hakuto-R lander  and Rashid rover (in collaboration with MBRSC) in 2021 with a separate Japanese rover mission in 2023, both as secondary payloads on other unspecified Falcon 9 missions.[758][759]"
[,"VSFB,SLC-4E","Transporter-7, SmallSat Rideshare",SSO,Various,Various
[,,,,,"Dedicated SmallSat Rideshare mission to sun-synchronous orbit. The On-Orbit Servicing, Assembly and Manufacturing Mission 2 (OSAM-2), formerly known as Archinaut One, may launch on this rideshare mission in early 2023.[780][781]"
[,"KSC,LC-39A",SpaceX CRS-28,LEO (ISS),NASA (CRS),NASA (CRS)
[,,,,,Three more CRS-2 missions for Dragon 2 covering up to CRS-29 were announced in December 2020.[777]
[,"VSFB,SLC-4E","Transporter-8, SmallSat Rideshare",SSO,Various,Various
,,,,,Dedicated SmallSat Rideshare mission to sun-synchronous orbit.
[,"KSC,LC-39A",Blue Ghost lunar lander,TLI,Firefly AerospaceNASA (CLPS),Firefly AerospaceNASA (CLPS)
[,,,,,Firefly Aerospace chose SpaceX's Falcon 9 rocket to deliver the Blue Ghost lunar lander to the lunar surface. Blue Ghost will carry 10 payloads for NASA's Commercial Lunar Payload Services task order 19D mission along with other separately contracted payloads.[784]
[,"KSC,LC-39A",SpaceX CRS-29,LEO (ISS),NASA (CRS),NASA (CRS)
[,,,,,Three more CRS-2 missions for Dragon 2 covering up to CRS-29 were announced in December 2020.[777]
[,"CCSFS,SLC-40",PACE,SSO,NASA (LSP),NASA (LSP)
[,,,,,"Plankton, Aerosol, Cloud, ocean Ecosystem is a 1.7 tonne, US$800 million craft that will orbit at 676 km (420 mi) altitude. It will include the Ocean Color Imager intended to study phytoplankton in the ocean, and two polarimeters for studying properties of clouds, aerosols and the ocean. The launch price was US$80.4 million.[785]"
[,"KSC,LC-39A",Griffin Mission 1,TLI,AstroboticNASA (Artemis),AstroboticNASA (Artemis)
[,,,,,Astrobotic's Griffin lunar lander will deliver NASA's VIPER spacecraft to the lunar south pole.[787]
[,"VSFB,SLC-4E","Transporter-9, SmallSat Rideshare",SSO,Various,Various
,,,,,Dedicated SmallSat Rideshare mission to sun-synchronous orbit.
[,"CC,LC-39A or SLC-40",SATRIA,GTO,PT Pasifik Satelit Nusantara,PT Pasifik Satelit Nusantara
,,,,,PSN chose Falcon 9 in September 2020 to launch its satellite instead of a Chinese rocket or Ariane 5.
,"CC,LC-39A or SLC-40[790]",USSF-36,TBD,USSF,USSF
[,,,,,Launch part of Phase 2 US Air Force contract awarded in 2021.[791]
,"CC,LC-39A or SLC-40[790]",NROL-69,TBD,USSF,USSF
[,,,,,Launch part of Phase 2 US Air Force contract awarded in 2021.[791]
,"CC,LC-39A or SLC-40",Intelsat satellite,GTO,Intelsat,Intelsat
[,,,,,"Intelsat contracted both SpaceX and Arianespace to launch its fifth Maxar Technologies built satellite, and award whichever doesn't launch it with a separate contract at a later date.[745]"
,"CC,LC-39A or SLC-40",Ax-2,TBD,Axiom Space,Axiom Space
[,,,,,Contract for 3 additional missions was signed in June 2021.[792] Peggy Whitson and John Shoffner were signed on as commander and pilot.[793][794] The third seat is expected to be awarded to a Discovery reality TV show winner of Who Wants To Be An Astronaut?.[795]
,"CC,LC-39A or SLC-40",Ax-3,TBD,Axiom Space,Axiom Space
[,,,,,Contract for 3 additional missions was signed in June 2021.[792]
,"CC,LC-39A or SLC-40",Ax-4,TBD,Axiom Space,Axiom Space
[,,,,,Contract for 3 additional missions was signed in June 2021.[792]
[,TBD,about 12 more launches,TBD,USSF,USSF
[,,,,,Launches part of Phase 2 US Air Force contract awarding SpaceX 40% of the about 34 launches expected to occur between 2022 and 2027.[746]
,"VSFB,SLC-4E",SPHEREx,SSO[796],NASA,NASA
[,,,,,"In February 2021, NASA announced a $99m contract for its Astrophysics Division.[797]"
[,"KSC,LC-39A",Power and Propulsion Element (PPE)Habitation and Logistics Outpost (HALO)[799],TLI,NASA (Artemis),NASA (Artemis)
[,,,,,"First elements for the Gateway station as part of the Artemis program, awarded in February 2021. The launch will cost NASA $331.8 million.[800]"
[,"CC,LC-39A or SLC-40",O3b mPOWER 10 and 11,MEO,SES,SES
[,,,,,"In August 2020, SES expanded the O3m contract with a fourth launch.[769]"
[,"KSC,LC-39A",Dragon XL,TLI,NASA (Gateway Logistics Services),NASA (Gateway Logistics Services)
[,,,,,"In March 2020, NASA announced its first contract for the Gateway Logistics Services that guarantees at least two launches on a modified Crew Dragon spacecraft that will carry over 5 tonnes of cargo to the Lunar orbit on 6–12 months long missions.[803]"
[,"KSC,LC-39A",Interstellar Mapping and Acceleration Probe (IMAP),Sun–Earth L1,NASA,NASA
[,,,,,"In September 2020, NASA selected SpaceX to launch IMAP mission, which will help researchers better understand the boundary of the heliosphere, a magnetic barrier surrounding our solar system. The total launch cost is approximately US$109.4 million. The secondary payloads are NASA's Lunar Trailblazer mission, two NASA heliophysics missions of opportunity, and the National Oceanic and Atmospheric Administration's Space Weather Follow On-Lagrange 1 (SWFO-L1) mission.[805]"
[,"KSC,LC-39A",Dragon XL,TLI,NASA (Gateway Logistics Services),NASA (Gateway Logistics Services)
[,,,,,Second Dragon XL logistics module.[806]
